Name,Receptor,Species,Accession,Length,Chromosome,Identity,Similarity,D3.49,R3.50,Y3.51,N7.49,P7.50,Y7.53,I3.40,P5.50,F6.44,D2.50,Notes_seq,Notes_PA,Notes_motif,Distance,Version,Version_date
5-HTR1A_human,5-HTR1A,Homo_sapiens_(human),NP_000515.2,422,5,100,100,133,134,135,396,397,400,124,207,354,82,NA,NA,NA,0.2,GRCh38.p13,28/02/2019
5-HTR1A_chimpanzee,5-HTR1A,Pan_troglodytes_(chimpanzee),NP_001129094.1,422,5,99.3,99.5,133,134,135,396,397,400,124,207,354,82,NA,"Paper said ident 99.5, checked with the papers UniProt sequence by comparing UniProt with RefSeq and UniProt with human, was still 99.3, possibly the algorithm",NA,6.5,Clint_PTRv2,19/01/2018
5-HTR1A_gorilla,5-HTR1A,Gorilla_gorilla_(western_gorilla),XP_004058839.1,422,17,99.8,99.8,133,134,135,396,397,400,124,207,354,82,NA,NA,NA,8.6,Kamilah_GGO_v0,28/08/2019
5-HTR1A_rhesus_monkey,5-HTR1A,Macaca_mulatta_(Rhesus_monkey),NP_001185629.1,421,6,98.1,98.3,132,133,134,395,396,399,123,206,353,81,NA,NA,NA,28.8,Mmul_10,13/02/2019
5-HTR1A_macaque,5-HTR1A,Macaca_fascicularis_(crab_eating_macaque),XP_015307022.1,422,6,98.1,98.3,133,134,135,396,397,400,124,207,354,82,NA,NA,NA,28.8,Macaca_fascicularis_5.0,12/06/2013
5-HTR1A_marmoset,5-HTR1A,Callithrix_jacchus_(white_tufted_marmoset),XP_008990253.1,422,2,96.9,97.2,133,134,135,396,397,400,124,207,354,82,NA,NA,NA,42.9,Callithrix jacchus-3.2,22/01/2010
5-HTR1A_lemur,5-HTR1A,Microcebus_murinus_(gray_mouse_lemur),XP_012639503.1,422,12,93.1,94.8,133,134,135,396,397,400,124,207,354,82,NA,NA,NA,74.1,Mmur_3.0,6/02/2017
5-HTR1A_mouse,5-HTR1A,Mus_musculus_(house_mouse),NP_032334.2,421,13,88.2,91.2,133,134,135,396,397,400,124,207,354,82,NA,NA,NA,88.6,GRCm38.p6,15/09/2017
5-HTR1A_rat,5-HTR1A,Rattus_norvegicus_(rat),NP_036717.1,422,2,89.8,91.9,133,134,135,396,397,400,124,207,354,82,NA,NA,NA,88.6,Rnor_6.0,1/07/2014
5-HTR1A_sperm_whale,5-HTR1A,Physeter_catodon_(sperm_whale),XP_007117799.1,422,8,92.2,94.5,133,134,135,396,397,400,124,207,354,82,NA,NA,NA,94.3,ASM283717v2,8/03/2019
5-HTR1A_cow,5-HTR1A,Bos_taurus_(cow),XP_002696350.1,422,20,91.7,94.5,133,134,135,396,397,400,124,207,354,82,NA,NA,NA,94.3,ARS-UCD1.2,11/04/2018
5-HTR1A_goat,5-HTR1A,Capra_hircus_(goat),XP_005694706.1,422,20,91.2,94.3,133,134,135,396,397,400,124,207,354,82,NA,NA,NA,94.3,ARS1,24/08/2016
5-HTR1A_sheep,5-HTR1A,Ovis_aries_(sheep),XP_014956699.1,422,16,91.7,94.5,133,134,135,396,397,400,124,207,354,82,NA,NA,NA,94.3,Oar_rambouillet_v1.0,2/11/2017
5-HTR1A_pig,5-HTR1A,Sus_scrofa_(pig),XP_005672533.1,422,16,90.5,93.1,133,134,135,396,397,400,124,207,354,82,NA,NA,NA,94.3,Sscrofa11.1,7/02/2017
5-HTR1A_rabbit,5-HTR1A,Oryctolagus_cuniculus_(rabbit),NP_001185864.1,422,11,94.3,95.5,133,134,135,396,397,400,124,207,354,82,NA,NA,NA,88.6,OryCun2.0,20/10/2009
5-HTR1A_dog,5-HTR1A,Canis_lupus_(dog),NP_001012397.1,423,2,91.5,93.9,133,134,135,396,397,400,124,207,354,82,NA,NA,NA,94.3,CanFam3.1,2/11/2011
5-HTR1A_cat,5-HTR1A,Felis_catus_(cat),XP_019690429.1,422,A1,93.4,94.1,133,134,135,395,396,399,124,207,353,82,NA,NA,NA,94.3,Felis_catus_9.0,20/11/2017
5-HTR1A_guineafowl,5-HTR1A,Numida_meleagris_(helmeted_guineafowl),XP_021237308.1,413,Z,80.2,86.6,127,128,129,387,388,391,118,201,345,76,NA,NA,NA,318.4,NumMel1.0,1/06/2017
5-HTR1A_chicken,5-HTR1A,Gallus_gallus_(chicken),NP_001163999.1,413,Z,80.2,86.8,127,128,129,387,388,391,118,201,345,76,NA,NA,NA,318.4,GRCg6a,27/03/2018
5-HTR1A_clawed_frog,5-HTR1A,Xenopus_tropicalis_(tropical_clawed_frog),XP_004910432.1,410,1,74.9,82.7,126,127,128,384,385,388,117,200,343,75,NA,NA,NA,351.7,Xenopus_tropicalis_v9.1,13/07/2016
5-HTR1A_platyfish,5-HTR1A,Xiphophorus_maculatus_(southern_platyfish),XP_005794961.1,426,12,71.2,80,143,144,145,400,401,404,134,217,358,92,NA,NA,NA,432.5,X_maculatus-5.0-male,7/12/2017
5-HTR1A_zebrafish_a,5-HTR1A,Danio_reriro_(zebrafish),NP_001116793.1,398,8,73.8,80.1,125,126,127,372,373,376,116,199,331,74,NA,NA,NA,432.5,GRCz11,9/05/2017
5-HTR1A_zebrafish_b,5-HTR1A,Danio_reriro_(zebrafish),NP_001139238.1,403,21,65.9,75.5,132,133,134,377,378,381,123,201,336,81,NA,NA,NA,432.5,GRCz11,9/05/2017
5-HTR1B_human,5-HTR1B,Homo_sapiens_(human),NP_000854.1,390,6,100,100,146,147,148,365,366,369,137,220,323,95,NA,NA,NA,0.2,GRCh38.p13,28/02/2019
5-HTR1B_chimpanzee,5-HTR1B,Pan_troglodytes_(chimpanzee),NP_001009102.1,390,6,100,100,146,147,148,365,366,369,137,220,323,95,NA,NA,NA,6.5,Clint_PTRv2,19/01/2018
5-HTR1B_gorilla,5-HTR1B,Gorilla_gorilla_(western_gorilla),XP_004044362.1,390,6,99.5,99.7,146,147,148,365,366,369,137,220,323,95,NA,NA,NA,8.6,Kamilah_GGO_v0,28/08/2019
5-HTR1B_rhesus_monkey,5-HTR1B,Macaca_mulatta_(Rhesus_monkey),XP_014992296.1,390,4,98.2,99.5,146,147,148,365,366,369,137,220,323,95,NA,NA,NA,28.8,Mmul_10,13/02/2019
5-HTR1B_macaque,5-HTR1B,Macaca_fascicularis_(crab_eating_macaque),XP_005552571.1,390,4,98.2,99.5,146,147,148,365,366,369,137,220,323,95,NA,NA,NA,28.8,Macaca_fascicularis_5.0,12/06/2013
5-HTR1B_marmoset,5-HTR1B,Callithrix_jacchus_(white_tufted_marmoset),XP_002746791.1,391,4,97.2,98.2,147,148,149,366,367,370,138,221,324,96,NA,NA,NA,42.9,Callithrix jacchus-3.2,22/01/2010
5-HTR1B_lemur,5-HTR1B,Microcebus_murinus_(gray_mouse_lemur),XP_012646617.1,390,6,96.4,97.9,146,147,148,365,366,369,137,220,323,95,NA,NA,NA,74.1,Mmur_3.0,6/02/2017
5-HTR1B_mouse,5-HTR1B,Mus_musculus_(house_mouse),NP_034612.1,386,9,92.1,94.4,142,143,144,361,362,365,133,216,319,91,NA,NA,NA,88.6,GRCm38.p6,15/09/2017
5-HTR1B_rat,5-HTR1B,Rattus_norvegicus_(rat),NP_071561.1,386,8,92.8,95.4,142,143,144,361,362,365,133,216,319,91,NA,NA,NA,88.6,Rnor_6.0,1/07/2014
5-HTR1B_sperm_whale,5-HTR1B,Physeter_catodon_(sperm_whale),XP_007127285.1,390,10,90.3,95.1,146,147,148,365,366,369,137,220,323,95,NA,NA,NA,94.3,ASM283717v2,8/03/2019
5-HTR1B_cow,5-HTR1B,Bos_taurus_(cow),XP_024852688.1,403,9,86.7,90.4,161,162,163,378,379,382,152,234,337,110,NA,NA,NA,94.3,ARS-UCD1.2,11/04/2018
5-HTR1B_goat,5-HTR1B,Capra_hircus_(goat),XP_005684499.1,403,9,86.9,90.6,161,162,163,378,379,382,152,234,337,110,NA,NA,NA,94.3,ARS1,24/08/2016
5-HTR1B_sheep,5-HTR1B,Ovis_aries_(sheep),XP_014952785.2,403,8,86.9,90.6,161,162,163,378,379,382,152,234,337,110,NA,NA,NA,94.3,Oar_rambouillet_v1.0,2/11/2017
5-HTR1B_pig,5-HTR1B,Sus_scrofa_(pig),NP_999463.1,390,1,94.9,97.2,146,147,148,365,366,369,137,220,323,95,NA,NA,NA,94.3,Sscrofa11.1,7/02/2017
5-HTR1B_rabbit,5-HTR1B,Oryctolagus_cuniculus_(rabbit),NP_001076259.1,390,12,93.1,96.2,146,147,148,365,366,369,137,220,323,95,NA,NA,NA,88.6,OryCun2.0,20/10/2009
5-HTR1B_dog,5-HTR1B,Canis_lupus_(dog),NP_001006949.1,389,12,94.9,96.7,145,146,147,364,365,368,136,219,322,94,NA,NA,NA,94.3,CanFam3.1,2/11/2011
5-HTR1B_cat,5-HTR1B,Felis_catus_(cat),NP_001116344.1,389,B2,94.1,96.4,145,146,147,364,365,368,136,219,322,94,NA,NA,NA,94.3,Felis_catus_9.0,20/11/2017
5-HTR1B_guineafowl,5-HTR1B,Numida_meleagris_(helmeted_guineafowl),XP_021248499.1,379,3,82.9,89,136,137,138,354,355,358,127,209,312,85,NA,NA,NA,318.4,NumMel1.0,1/06/2017
5-HTR1B_chicken,5-HTR1B,Gallus_gallus_(chicken),NP_001166252.1,379,3,82.1,88.5,136,137,138,354,355,358,127,209,312,85,NA,NA,NA,318.4,GRCg6a,27/03/2018
5-HTR1B_xenopus,5-HTR1B,Xenopus_tropicalis_(tropical_clawed_frog),XP_002936251.2,385,5,76.1,85.1,142,143,144,359,360,363,133,215,317,91,NA,NA,F6.44 (phenylalanine) becomes Y6.44  (Tyrosine),351.7,Xenopus_tropicalis_v9.1,13/07/2016
5-HTR1B_platyfish,5-HTR1B,Xiphophorus_maculatus_(southern_platyfish),XP_023203248.1,372,15,66.2,74.5,126,127,128,345,346,349,117,199,305,75,NA,NA,F6.44 (phenylalanine) becomes Y6.44  (Tyrosine),432.5,X_maculatus-5.0-male,7/12/2017
5-HTR1B_zebrafish,5-HTR1B,Danio_reriro_(zebrafish),NP_001122181.1,380,21,64.7,76.7,138,139,140,354,355,358,129,211,314,87,NA,NA,F6.44 (phenylalanine) becomes Y6.44  (Tyrosine),432.5,GRCz11,9/05/2017
5-HTR1D_human,5-HTR1D,Homo_sapiens_(human),NP_000855.1,377,1,100,100,135,136,137,352,353,356,126,209,310,84,NA,NA,NA,0.2,GRCh38.p13,28/02/2019
5-HTR1D_chimpanzee,5-HTR1D,Pan_troglodytes_(chimpanzee),XP_009448699.1,377,1,99.5,99.7,135,136,137,352,353,356,126,209,310,84,NA,NA,NA,6.5,Clint_PTRv2,19/01/2018
5-HTR1D_gorilla,5-HTR1D,Gorilla_gorilla_(western_gorilla),XP_004024922.1,377,1,98.9,99.2,135,136,137,352,353,356,126,209,310,84,NA,NA,NA,8.6,Kamilah_GGO_v0,28/08/2019
5-HTR1D_rhesus_monkey,5-HTR1D,Macaca_mulatta_(Rhesus_monkey),XP_028694131.1,377,1,97.3,98.4,135,136,137,352,353,356,126,209,310,84,NA,NA,NA,28.8,Mmul_10,13/02/2019
5-HTR1D_macaque,5-HTR1D,Macaca_fascicularis_(crab_eating_macaque),XP_015296501.1,377,1,97.3,98.4,135,136,137,352,353,356,126,209,310,84,NA,NA,NA,28.8,Macaca_fascicularis_5.0,12/06/2013
5-HTR1D_marmoset,5-HTR1D,Callithrix_jacchus_(white_tufted_marmoset),XP_008998852.1,377,7,97.1,97.9,135,136,137,352,353,356,126,209,310,84,NA,NA,NA,42.9,Callithrix jacchus-3.2,22/01/2010
5-HTR1D_lemur,5-HTR1D,Microcebus_murinus_(gray_mouse_lemur),XP_012606320.1,415,2,85.8,88.2,173,174,175,390,391,394,164,247,348,122,NA,NA,NA,74.1,Mmur_3.0,6/02/2017
5-HTR1D_mouse,5-HTR1D,Mus_musculus_(house_mouse),NP_001272411.1,374,4,90.2,92.8,132,133,134,349,350,353,123,206,307,81,NA,NA,NA,88.6,GRCm38.p6,15/09/2017
5-HTR1D_rat,5-HTR1D,Rattus_norvegicus_(rat),NP_036984.1,374,5,90.2,93.4,132,133,134,349,350,353,123,206,307,81,NA,NA,NA,88.6,Rnor_6.0,1/07/2014
5-HTR1D_sperm_whale,5-HTR1D,Physeter_catodon_(sperm_whale),XP_007117967.2,377,3,87.3,89.9,135,136,137,352,353,356,126,209,310,84,NA,NA,NA,94.3,ASM283717v2,8/03/2019
5-HTR1D_cow,5-HTR1D,Bos_taurus_(cow),XP_015316318.1,377,2,90.5,93.1,135,136,137,352,353,356,126,209,310,84,NA,NA,NA,94.3,ARS-UCD1.2,11/04/2018
5-HTR1D_goat,5-HTR1D,Capra_hircus_(goat),XP_017911005.1,377,2,89.4,92.3,135,136,137,352,353,356,126,209,310,84,NA,NA,NA,94.3,ARS1,24/08/2016
5-HTR1D_sheep,5-HTR1D,Ovis_aries_(sheep),XP_014949175.2,377,2,89.4,92.8,135,136,137,352,353,356,126,209,310,84,NA,NA,NA,94.3,Oar_rambouillet_v1.0,2/11/2017
5-HTR1D_pig,5-HTR1D,Sus_scrofa_(pig),NP_999323.1,377,6,92,94.4,135,136,137,352,353,356,126,209,310,84,NA,NA,NA,94.3,Sscrofa11.1,7/02/2017
5-HTR1D_rabbit,5-HTR1D,Oryctolagus_cuniculus_(rabbit),NP_001164624.1,377,13,91,95,135,136,137,352,353,356,126,209,310,84,NA,NA,NA,88.6,OryCun2.0,20/10/2009
5-HTR1D_dog,5-HTR1D,Canis_lupus_(dog),NP_001003280.1,377,2,88.1,92,135,136,137,352,353,356,126,209,310,84,NA,NA,NA,94.3,CanFam3.1,2/11/2011
5-HTR1D_cat,5-HTR1D,Felis_catus_(cat),XP_023114066.1,377,C1,89.4,93.4,135,136,137,352,353,356,126,209,310,84,NA,NA,NA,94.3,Felis_catus_9.0,20/11/2017
5-HTR1D_guineafowl,5-HTR1D,Numida_meleagris_(helmeted_guineafowl),XP_021231272.1,378,22,80.2,87.8,135,136,137,352,353,356,126,209,310,84,NA,NA,NA,318.4,NumMel1.0,1/06/2017
5-HTR1D_chicken,5-HTR1D,Gallus_gallus_(chicken),XP_015153069.1,378,23,79.6,88.1,135,136,137,352,353,356,126,209,310,84,NA,NA,NA,318.4,GRCg6a,27/03/2018
5-HTR1D_xenopus,5-HTR1D,Xenopus_tropicalis_(tropical_clawed_frog),XP_002938881.2,352,2,71.1,81.7,110,111,112,327,328,331,101,184,285,59,NA,NA,NA,351.7,Xenopus_tropicalis_v9.1,13/07/2016
5-HTR1D_zebrafish,5-HTR1D,Danio_reriro_(zebrafish),NP_001139158.1,386,17,66.5,77.9,131,132,133,361,362,365,122,205,320,80,NA,NA,NA,432.5,GRCz11,9/05/2017
5-HTR1E_human,5-HTR1E,Homo_sapiens_(human),NP_000856.1,365,6,100,100,119,120,121,340,341,344,110,194,300,68,NA,NA,NA,0.2,GRCh38.p13,28/02/2019
5-HTR1E_chimpanzee,5-HTR1E,Pan_troglodytes_(chimpanzee),XP_016811460.1,365,6,100,100,119,120,121,340,341,344,110,194,300,68,NA,paper ident 99.5,NA,6.5,Clint_PTRv2,19/01/2018
5-HTR1E_gorilla,5-HTR1E,Gorilla_gorilla_(western_gorilla),XP_004044419.1,365,6,100,100,119,120,121,340,341,344,110,194,300,68,NA,NA,NA,8.6,Kamilah_GGO_v0,28/08/2019
5-HTR1E_rhesus_monkey,5-HTR1E,Macaca_mulatta_(Rhesus_monkey),XP_001090804.1,365,4,98.6,99.2,119,120,121,340,341,344,110,194,300,68,NA,NA,NA,28.8,Mmul_10,13/02/2019
5-HTR1E_macaque,5-HTR1E,Macaca_fascicularis_(crab_eating_macaque),XP_005552471.1,365,4,98.6,99.2,119,120,121,340,341,344,110,194,300,68,NA,NA,NA,28.8,Macaca_fascicularis_5.0,12/06/2013
5-HTR1E_lemur,5-HTR1E,Microcebus_murinus_(gray_mouse_lemur),XP_012606416.1,365,6,96.2,98.1,119,120,121,340,341,344,110,194,300,68,NA,NA,NA,74.1,Mmur_3.0,6/02/2017
5-HTR1E_sperm_whale,5-HTR1E,Physeter_catodon_(sperm_whale),XP_007121265.1,365,10,93.4,95.9,119,120,121,340,341,344,110,194,300,68,NA,NA,NA,94.3,ASM283717v2,8/03/2019
5-HTR1E_cow,5-HTR1E,Bos_taurus_(cow),NP_001106144.1,365,9,95.1,97,119,120,121,340,341,344,110,194,300,68,NA,NA,NA,94.3,ARS-UCD1.2,11/04/2018
5-HTR1E_goat,5-HTR1E,Capra_hircus_(goat),XP_005684765.2,365,9,93.7,96.4,119,120,121,340,341,344,110,194,300,68,NA,NA,NA,94.3,ARS1,24/08/2016
5-HTR1E_sheep,5-HTR1E,Ovis_aries_(sheep),XP_027828519.1,365,8,94,96.4,119,120,121,340,341,344,110,194,300,68,NA,NA,NA,94.3,Oar_rambouillet_v1.0,2/11/2017
5-HTR1E_pig,5-HTR1E,Sus_scrofa_(pig),XP_013848119.2,365,1,95.1,97,118,119,120,339,340,343,109,193,299,67,Low Quality,NA,NA,94.3,Sscrofa11.1,7/02/2017
5-HTR1E_rabbit,5-HTR1E,Oryctolagus_cuniculus_(rabbit),XP_002714608.1,365,12,94.8,98.1,119,120,121,340,341,344,110,194,300,68,NA,NA,NA,88.6,OryCun2.0,20/10/2009
5-HTR1E_dog,5-HTR1E,Canis_lupus_(dog),XP_022282033.1,365,12,94.5,97.5,119,120,121,340,341,344,110,194,300,68,NA,NA,NA,94.3,CanFam3.1,2/11/2011
5-HTR1E_cat,5-HTR1E,Felis_catus_(cat),XP_006931938.1,365,B2,94.5,96.7,119,120,121,340,341,344,110,194,300,68,NA,NA,NA,94.3,Felis_catus_9.0,20/11/2017
5-HTR1E_guineafowl,5-HTR1E,Numida_meleagris_(helmeted_guineafowl),XP_021245118.1,364,3,86.8,93.4,119,120,121,339,340,343,110,193,299,68,NA,NA,NA,318.4,NumMel1.0,1/06/2017
5-HTR1E_chicken,5-HTR1E,Gallus_gallus_(chicken),XP_015140195.1,371,3,84.9,91.1,126,127,128,346,347,350,117,200,306,75,NA,NA,NA,318.4,GRCg6a,27/03/2018
5-HTR1E_xenopus,5-HTR1E,Xenopus_tropicalis_(tropical_clawed_frog),XP_017949828.1,362,5,80.2,89.2,116,117,118,337,338,341,107,190,297,65,NA,NA,NA,351.7,Xenopus_tropicalis_v9.1,13/07/2016
5-HTR1E_zebrafish,5-HTR1E,Danio_reriro_(zebrafish),XP_021324262.1,378,20,64.6,77.2,131,132,133,353,354,357,122,205,312,80,NA,NA,NA,432.5,GRCz11,9/05/2017
5-HTR1F_human,5-HTR1F,Homo_sapiens_(human),NP_000857.1,366,3,100,100,120,121,122,343,344,347,111,193,302,69,NA,NA,NA,0.2,GRCh38.p13,28/02/2019
5-HTR1F_chimpanzee,5-HTR1F,Pan_troglodytes_(chimpanzee),XP_016795502.1,366,3,100,100,120,121,122,343,344,347,111,193,302,69,NA,NA,NA,6.5,Clint_PTRv2,19/01/2018
5-HTR1F_gorilla,5-HTR1F,Gorilla_gorilla_(western_gorilla),XP_018878691.1,366,3,98.9,100,120,121,122,343,344,347,111,193,302,69,NA,NA,NA,8.6,Kamilah_GGO_v0,28/08/2019
5-HTR1F_rhesus_monkey,5-HTR1F,Macaca_mulatta_(Rhesus_monkey),NP_001180612.1,366,2,97.3,98.6,120,121,122,343,344,347,111,193,302,69,NA,NA,NA,28.8,Mmul_10,13/02/2019
5-HTR1F_macaque,5-HTR1F,Macaca_fascicularis_(crab_eating_macaque),XP_005548455.1,366,2,97.8,98.9,120,121,122,343,344,347,111,193,302,69,NA,NA,NA,28.8,Macaca_fascicularis_5.0,12/06/2013
5-HTR1F_marmoset,5-HTR1F,Callithrix_jacchus_(white_tufted_marmoset),XP_017822700.1,366,21,97.3,99.5,120,121,122,343,344,347,111,193,302,69,NA,NA,NA,42.9,Callithrix jacchus-3.2,22/01/2010
5-HTR1F_lemur,5-HTR1F,Microcebus_murinus_(gray_mouse_lemur),XP_012598480.1,366,31,95.4,98.4,120,121,122,343,344,347,111,193,302,69,NA,NA,NA,74.1,Mmur_3.0,6/02/2017
5-HTR1F_mouse,5-HTR1F,Mus_musculus_(house_mouse),NP_032336.1,366,16,94.3,97.5,120,121,122,343,344,347,111,193,302,69,NA,NA,NA,88.6,GRCm38.p6,15/09/2017
5-HTR1F_rat,5-HTR1F,Rattus_norvegicus_(rat),NP_068629.2,366,11,92.3,96.1,120,121,122,343,344,347,111,193,302,69,NA,NA,NA,88.6,Rnor_6.0,1/07/2014
5-HTR1F_sperm_whale,5-HTR1F,Physeter_catodon_(sperm_whale),XP_007126419.1,365,1,93.2,96.2,120,121,122,342,343,346,111,193,301,69,NA,NA,NA,94.3,ASM283717v2,8/03/2019
5-HTR1F_cow,5-HTR1F,Bos_taurus_(cow),NP_001193534.1,366,1,94.8,97.8,120,121,122,343,344,347,111,193,302,69,NA,NA,NA,94.3,ARS-UCD1.2,11/04/2018
5-HTR1F_goat,5-HTR1F,Capra_hircus_(goat),XP_014947888.1,366,1,94.5,97.8,120,121,122,343,344,347,111,193,302,69,NA,NA,NA,94.3,ARS1,24/08/2016
5-HTR1F_sheep,5-HTR1F,Ovis_aries_(sheep),XP_005674852.2,366,1,94.8,97.8,120,121,122,343,344,347,111,193,302,69,NA,NA,NA,94.3,Oar_rambouillet_v1.0,2/11/2017
5-HTR1F_pig,5-HTR1F,Sus_scrofa_(pig),NP_999266.1,366,13,93.4,97,120,121,122,343,344,347,111,193,302,69,NA,NA,NA,94.3,Sscrofa11.1,7/02/2017
5-HTR1F_rabbit,5-HTR1F,Oryctolagus_cuniculus_(rabbit),XP_002716805.1,366,14,95.6,97.5,120,121,122,343,344,347,111,193,302,69,NA,NA,NA,88.6,OryCun2.0,20/10/2009
5-HTR1F_dog,5-HTR1F,Canis_lupus_(dog),XP_022268858.1,366,31,94.3,97,120,121,122,343,344,347,111,193,302,69,NA,NA,NA,94.3,CanFam3.1,2/11/2011
5-HTR1F_cat,5-HTR1F,Felis_catus_(cat),XP_023094638.1,366,C2,95.1,97.3,120,121,122,343,344,347,111,193,302,69,NA,NA,NA,94.3,Felis_catus_9.0,20/11/2017
5-HTR1F_guineafowl,5-HTR1F,Numida_meleagris_(helmeted_guineafowl),XP_021258396.1,366,1,82.1,90.5,120,121,122,341,342,345,111,193,300,69,NA,NA,NA,318.4,NumMel1.0,1/06/2017
5-HTR1F_chicken,5-HTR1F,Gallus_gallus_(chicken),XP_004938393.1,366,1,82.1,90.8,120,121,122,341,342,345,111,193,300,69,NA,NA,NA,318.4,GRCg6a,27/03/2018
5-HTR1F_clawed_frog,5-HTR1F,Xenopus_tropicalis_(tropical_clawed_frog),XP_002931817.1,360,2,77.7,86.4,120,121,122,335,336,339,111,193,294,69,NA,NA,NA,351.7,Xenopus_tropicalis_v9.1,13/07/2016
5-HTR1F_platyfish,5-HTR1F,Xiphophorus_maculatus_(southern_platyfish),XP_005811928.2,417,7,54.8,68.6,146,147,148,392,393,396,137,221,351,95,NA,NA,NA,432.5,X_maculatus-5.0-male,7/12/2017
5-HTR1F_zebrafish_a,5-HTR1F,Danio_reriro_(zebrafish),XP_021334563.1,363,9,58.8,77,119,120,121,338,339,342,110,189,296,68,NA,NA,NA,432.5,GRCz11,9/05/2017
5-HTR1F_zebrafish_b,5-HTR1F,Danio_reriro_(zebrafish),XP_005159986.1,372,1,57.3,72.8,120,121,122,345,346,349,111,200,304,69,NA,NA,NA,432.5,GRCz11,9/05/2017
5-HTR5A_human,5-HTR5A,Homo_sapiens_(human),NP_076917.1,357,7,100,100,138,139,140,334,335,338,129,212,294,86,NA,NA,NA,0.2,GRCh38.p13,28/02/2019
5-HTR5A_chimpanzee,5-HTR5A,Pan_troglodytes_(chimpanzee),XP_519477.3,357,7,98.9,99.4,138,139,140,334,335,338,129,212,294,86,NA,NA,NA,6.5,Clint_PTRv2,19/01/2018
5-HTR5A_gorilla,5-HTR5A,Gorilla_gorilla_(western_gorilla),XP_004046586.1,357,7,99.2,99.4,138,139,140,334,335,338,129,212,294,86,NA,NA,NA,8.6,Kamilah_GGO_v0,28/08/2019
5-HTR5A_rhesus_monkey,5-HTR5A,Macaca_mulatta_(Rhesus_monkey),NP_001182753.1,357,3,98,99.2,138,139,140,334,335,338,129,212,294,86,NA,NA,NA,28.8,Mmul_10,13/02/2019
5-HTR5A_macaque,5-HTR5A,Macaca_fascicularis_(crab_eating_macaque),XP_005551309.1,357,3,98,99.2,138,139,140,334,335,338,129,212,294,86,NA,NA,NA,28.8,Macaca_fascicularis_5.0,12/06/2013
5-HTR5A_lemur,5-HTR5A,Microcebus_murinus_(gray_mouse_lemur),XP_012641705.1,361,11,87.6,92,138,139,140,333,334,337,129,212,496,86,NA,NA,NA,74.1,Mmur_3.0,6/02/2017
5-HTR5A_mouse,5-HTR5A,Mus_musculus_(house_mouse),NP_032340.2,357,5,88,92.7,138,139,140,334,335,338,129,212,294,86,NA,NA,NA,88.6,GRCm38.p6,15/09/2017
5-HTR5A_rat,5-HTR5A,Rattus_norvegicus_(rat),NP_037280.1,357,4,88.2,92.4,138,139,140,334,335,338,129,212,294,86,NA,NA,NA,88.6,Rnor_6.0,1/07/2014
5-HTR5A_sperm_whale,5-HTR5A,Physeter_catodon_(sperm_whale),XP_007124727.1,357,5,88.8,92.7,138,139,140,334,335,338,129,212,294,86,NA,NA,NA,94.3,ASM283717v2,8/03/2019
5-HTR5A_cow,5-HTR5A,Bos_taurus_(cow),NP_001179771.1,358,4,84.9,89.9,139,140,141,335,336,339,130,212,295,87,NA,NA,NA,94.3,ARS-UCD1.2,11/04/2018
5-HTR5A_goat,5-HTR5A,Capra_hircus_(goat),XP_013819077.2,358,4,85.2,90.2,139,140,141,335,336,339,130,213,295,87,NA,NA,NA,94.3,ARS1,24/08/2016
5-HTR5A_rabbit,5-HTR5A,Oryctolagus_cuniculus_(rabbit),XP_002715071.1,358,13,92.7,95.5,139,140,141,335,336,339,130,213,295,87,NA,NA,NA,88.6,OryCun2.0,20/10/2009
5-HTR5A_dog,5-HTR5A,Canis_lupus_(dog),XP_013975457.1,360,16,90,93.3,141,142,143,337,338,341,132,215,297,89,NA,NA,NA,94.3,CanFam3.1,2/11/2011
5-HTR5A_cat,5-HTR5A,Felis_catus_(cat),XP_003983301.1,356,A2,91.3,94.4,138,139,140,333,334,337,129,212,293,86,NA,NA,NA,94.3,Felis_catus_9.0,20/11/2017
5-HTR5A_guineafowl,5-HTR5A,Numida_meleagris_(helmeted_guineafowl),XP_021241082.1,356,2,79.3,88,136,137,138,333,334,337,127,210,293,84,NA,NA,NA,318.4,NumMel1.0,1/06/2017
5-HTR5A_chicken,5-HTR5A,Gallus_gallus_(chicken),XP_425970.1,356,2,79.3,87.7,136,137,138,333,334,337,127,210,293,84,NA,NA,NA,318.4,GRCg6a,27/03/2018
5-HTR5A_clawed_frog,5-HTR5A,Xenopus_tropicalis_(tropical_clawed_frog),XP_002932543.2,351,6,74.5,84.4,133,134,135,328,329,332,124,206,288,81,NA,NA,NA,351.7,Xenopus_tropicalis_v9.1,13/07/2016
5-HTR5A_platyfish,5-HTR5A,Xiphophorus_maculatus_(southern_platyfish),XP_005798642.1,346,21,75.6,84.2,132,133,134,323,324,327,123,204,283,80,NA,NA,NA,432.5,X_maculatus-5.0-male,7/12/2017
5-HTR5A_zebrafish,5-HTR5A,Danio_reriro_(zebrafish),NP_001007122.1,346,7,75.9,85.2,128,129,130,323,324,327,119,201,283,76,NA,NA,NA,432.5,GRCz11,9/05/2017
5-HTR5B_chimp,5-HTR5B,Pan_troglodytes_(chimpanzee),XP_016805065.2,370,2B,100,100,151,152,153,347,348,351,142,225,307,98,Low Quality.,NA,R3.5 (arginine) becomes G3.5 (glycine). DRY becomes DGY,6.5,Clint_PTRv2,19/01/2018
5-HTR5B_gorilla,5-HTR5B,Gorilla_gorilla_(western_gorilla),XP_004031711.2,370,2B,96.2,97,152,152,153,347,348,351,142,225,307,98,NA,compared with chimp,NA,8.6,Kamilah_GGO_v0,28/08/2019
5-HTR5B_rhesus_monkey,5-HTR5B,Macaca_mulatta_(Rhesus_monkey),XP_001082104.3,369,12,90.8,93,151,152,153,347,348,351,142,225,307,98,NA,compared with chimp,NA,28.8,Mmul_10,13/02/2019
5-HTR5B_macaque,5-HTR5B,Macaca_fascicularis_(crab_eating_macaque),XP_005573016.1,370,12,91.4,93.5,151,152,153,347,348,351,142,225,307,98,NA,compared with chimp,NA,28.8,Macaca_fascicularis_5.0,12/06/2013
5-HTR5B_marmoset,5-HTR5B,Callithrix_jacchus_(white_tufted_marmoset),XP_002749560.1,370,6,91.4,93.2,151,152,153,347,348,351,142,225,307,98,NA,compared with chimp,NA,42.9,Callithrix jacchus-3.2,22/01/2010
5-HTR5B_lemur,5-HTR5B,Microcebus_murinus_(gray_mouse_lemur),ENSMICT00000017591.3,370,8,86.2,89.2,151,152,153,347,348,351,142,225,307,98,NA,compared with chimp,NA,74.1,Mmur_3.0,6/02/2017
5-HTR5B_mouse,5-HTR5B,Mus_musculus_(house_mouse),NP_034613.2,370,1,86.2,89.5,151,152,153,347,348,351,142,225,307,98,NA,compared with chimp,NA,88.6,GRCm38.p6,15/09/2017
5-HTR5B_rat,5-HTR5B,Rattus_norvegicus_(rat),NP_077371.1,370,13,85.7,89.2,151,152,153,347,348,351,142,225,307,98,NA,compared with chimp,NA,88.6,Rnor_6.0,1/07/2014
5-HTR5B_cow,5-HTR5B,Bos_taurus_(cow),XP_005202603.1,373,2,85.6,89.8,155,156,157,350,351,354,146,229,310,102,NA,compared with chimp,NA,94.3,ARS-UCD1.2,11/04/2018
5-HTR5B_goat,5-HTR5B,Capra_hircus_(goat),XP_017917471.1,373,2,85,89.3,155,156,157,350,351,354,146,229,310,102,NA,compared with chimp,NA,94.3,ARS1,24/08/2016
5-HTR5B_cat,5-HTR5B,Felis_catus_(cat),XP_003990760.1,369,C1,86.8,90.5,163,164,165,358,359,362,142,225,306,98,NA,compared with chimp,NA,94.3,Felis_catus_9.0,20/11/2017
5-HTR6_human,5-HTR6,Homo_sapiens_(human),NP_000862.1,440,1,100,100,123,124,125,316,317,320,114,200,277,72,NA,NA,NA,0.2,GRCh38.p13,28/02/2019
5-HTR6_chimpanzee,5-HTR6,Pan_troglodytes_(chimpanzee),NP_001029264.1,440,1,99.3,99.8,123,124,125,316,317,320,114,200,277,72,NA,NA,NA,6.5,Clint_PTRv2,19/01/2018
5-HTR6_gorilla,5-HTR6,Gorilla_gorilla_(western_gorilla),XP_004024852.2,440,1,98.2,98.9,123,124,125,316,317,320,114,200,277,72,NA,NA,NA,8.6,Kamilah_GGO_v0,28/08/2019
5-HTR6_rhesus_monkey,5-HTR6,Macaca_mulatta_(Rhesus_monkey),XP_014985257.1,440,1,97.7,98.4,123,124,125,316,317,320,114,200,277,72,NA,NA,NA,28.8,Mmul_10,13/02/2019
5-HTR6_macaque,5-HTR6,Macaca_fascicularis_(crab_eating_macaque),XP_005544632.1,440,1,97.7,98.4,123,124,125,316,317,320,114,200,277,72,NA,NA,NA,28.8,Macaca_fascicularis_5.0,12/06/2013
5-HTR6_marmoset,5-HTR6,Callithrix_jacchus_(white_tufted_marmoset),XP_002750423.1,440,7,97.5,98.2,123,124,125,316,317,320,114,200,277,72,NA,NA,NA,42.9,Callithrix jacchus-3.2,22/01/2010
5-HTR6_lemur,5-HTR6,Microcebus_murinus_(gray_mouse_lemur),XP_012643136.1,438,2,93,94.3,123,124,125,316,317,320,114,200,277,72,NA,NA,NA,74.1,Mmur_3.0,6/02/2017
5-HTR6_mouse,5-HTR6,Mus_musculus_(house_mouse),NP_067333.1,440,4,87.8,91.2,123,124,125,318,319,322,114,200,279,72,NA,NA,NA,88.6,GRCm38.p6,15/09/2017
5-HTR6_rat,5-HTR6,Rattus_norvegicus_(rat),XP_017449097.1,438,5,89.3,91.8,123,124,125,316,317,320,114,200,277,72,NA,NA,NA,88.6,Rnor_6.0,1/07/2014
5-HTR6_sperm_whale,5-HTR6,Physeter_catodon_(sperm_whale),XP_007104675.1,456,3,87.7,89.3,123,124,125,316,317,320,114,200,277,72,NA,NA,NA,94.3,ASM283717v2,8/03/2019
5-HTR6_cow,5-HTR6,Bos_taurus_(cow),NP_001192646.1,440,2,89.8,91.4,123,124,125,316,317,320,114,200,277,72,NA,NA,NA,94.3,ARS-UCD1.2,11/04/2018
5-HTR6_goat,5-HTR6,Capra_hircus_(goat),XP_017910373.1,447,2,87.2,89.5,130,131,132,323,324,327,121,207,284,72,NA,NA,NA,94.3,ARS1,24/08/2016
5-HTR6_sheep,5-HTR6,Ovis_aries_(sheep),XP_012012813.3,440,2,88.2,90.9,123,124,125,316,317,320,114,200,277,72,Low Quality,NA,NA,94.3,Oar_rambouillet_v1.0,2/11/2017
5-HTR6_pig,5-HTR6,Sus_scrofa_(pig),XP_003356221.2,439,6,88.2,90.9,122,123,124,315,316,319,113,199,276,71,Low Quality,NA,NA,94.3,Sscrofa11.1,7/02/2017
5-HTR6_dog,5-HTR6,Canis_lupus_(dog),XP_544528.5,410,2,84.3,87,93,94,95,286,287,290,84,170,247,42,Low Quality,NA,NA,94.3,CanFam3.1,2/11/2011
5-HTR6_cat,5-HTR6,Felis_catus_(cat),XP_023114000.1,440,C1,88.6,91.6,123,124,125,316,317,320,114,200,277,72,NA,NA,NA,94.3,Felis_catus_9.0,20/11/2017
5-HTR6_guineafowl,5-HTR6,Numida_meleagris_(helmeted_guineafowl),XP_021272930.1,433,20,59.9,68.1,119,120,121,321,322,325,110,203,282,68,NA,NA,NA,318.4,NumMel1.0,1/06/2017
5-HTR6_chicken,5-HTR6,Gallus_gallus_(chicken),XP_024998319.1,433,21,57.8,66.7,119,120,121,321,322,325,110,203,282,68,NA,NA,NA,318.4,GRCg6a,27/03/2018
5-HTR6_xenopus_b,5-HTR6,Xenopus_tropicalis_(tropical_clawed_frog),XP_002942005.2,418,Un,58.3,67.8,116,117,118,311,312,315,107,230,272,65,NA,NA,NA,351.7,Xenopus_tropicalis_v9.1,13/07/2016
5-HTR6_platyfish_X1,5-HTR6,Xiphophorus_maculatus_(southern_platyfish),XP_014330597.1,468,1,45,52.9,127,128,129,375,376,379,118,235,360,76,NA,NA,NA,432.5,X_maculatus-5.0-male,7/12/2017
5-HTR6_platyfish_X2,5-HTR6,Xiphophorus_maculatus_(southern_platyfish),XP_023194196.1,423,1,42,49.2,127,128,129,330,331,334,118,235,NA,76,NA,NA,NA,432.5,X_maculatus-5.0-male,7/12/2017
5-HTR6_zebrafish,5-HTR6,Danio_reriro_(zebrafish),XP_009295353.1,488,23,45.5,52.6,154,155,156,394,395,398,145,222,362,103,NA,NA,NA,432.5,GRCz11,9/05/2017
5-HTR2A_human_1,5-HTR2A,Homo_sapiens_(human),NP_000612.1,471,13,100,100,172,173,174,376,377,380,163,246,332,120,NA,NA,NA,0.2,GRCh38.p13,28/02/2019
5-HTR2A_human_2,5-HTR2A,Homo_sapiens_(human),NP_001159419.1,387,13,72.7,73.7,88,89,90,292,293,296,79,162,248,NA,NA,NA,"the isoform 1 first 138 residue got removed and replaced with new 54 residues, loss of two TM",0.2,GRCh38.p13,28/02/2019
5-HTR2A_chimpanzee_X1,5-HTR2A,Pan_troglodytes_(chimpanzee),XP_522752.2,471,13,99.8,100,172,173,174,376,377,380,163,246,332,120,NA,NA,NA,6.5,Clint_PTRv2,19/01/2018
5-HTR2A_chimpanzee_X2,5-HTR2A,Pan_troglodytes_(chimpanzee),XP_003314185.1,387,13,99.7,100,88,89,90,292,293,296,79,162,248,NA,NA,NA,NA,6.5,Clint_PTRv2,19/01/2018
5-HTR2A_gorilla,5-HTR2A,Gorilla_gorilla_(western_gorilla),XP_004054535.1,471,13,100,100,172,173,174,376,377,380,163,246,332,120,NA,NA,NA,8.6,Kamilah_GGO_v0,28/08/2019
5-HTR2A_rhesus_monkey_X1,5-HTR2A,Macaca_mulatta_(Rhesus_monkey),XP_014976363.2,471,17,99.2,100,172,173,174,376,377,380,163,246,332,120,NA,NA,NA,28.8,Mmul_10,13/02/2019
5-HTR2A_rhesus_monkey_X2,5-HTR2A,Macaca_mulatta_(Rhesus_monkey),XP_014976364.1,387,17,97.2,98.2,88,89,90,292,293,296,79,162,248,NA,NA,NA,NA,28.8,Mmul_10,13/02/2019
5-HTR2A_macaque_X1,5-HTR2A,Macaca_fascicularis_(crab_eating_macaque),XP_005585885.1,471,17,99.2,99.8,172,173,174,376,377,380,163,246,332,120,NA,paper ident 92.8 because partial seq,NA,28.8,Macaca_fascicularis_5.0,12/06/2013
5-HTR2A_macaque_X2,5-HTR2A,Macaca_fascicularis_(crab_eating_macaque),XP_005585886.1,387,17,97.2,98.2,88,89,90,292,293,296,79,162,248,NA,NA,NA,NA,28.8,Macaca_fascicularis_5.0,12/06/2013
5-HTR2A_marmoset,5-HTR2A,Callithrix_jacchus_(white_tufted_marmoset),XP_002742722.1,471,1,98.1,99.2,172,173,174,376,377,380,163,246,332,120,NA,NA,NA,42.9,Callithrix jacchus-3.2,22/01/2010
5-HTR2A_lemur_X1,5-HTR2A,Microcebus_murinus_(gray_mouse_lemur),XP_020145984.1,471,13,96,98.1,172,173,174,376,377,380,163,246,332,120,NA,NA,NA,74.1,Mmur_3.0,6/02/2017
5-HTR2A_lemur_X2,5-HTR2A,Microcebus_murinus_(gray_mouse_lemur),XP_020145985.1,387,13,93.3,95.6,88,89,90,292,293,296,79,162,248,NA,NA,NA,NA,74.1,Mmur_3.0,6/02/2017
5-HTR2A_mouse,5-HTR2A,Mus_musculus_(house_mouse),NP_766400.1,471,14,91.5,95.3,172,173,174,376,377,380,163,246,332,120,NA,NA,NA,88.6,GRCm38.p6,15/09/2017
5-HTR2A_rat,5-HTR2A,Rattus_norvegicus_(rat),NP_058950.1,471,15,91.3,95.1,172,173,174,376,377,380,163,246,332,120,NA,NA,NA,88.6,Rnor_6.0,1/07/2014
5-HTR2A_sperm_whale,5-HTR2A,Physeter_catodon_(sperm_whale),XP_007102579.1,471,13,95.3,97.2,172,173,174,376,377,380,163,246,331,120,NA,NA,NA,94.3,ASM283717v2,8/03/2019
5-HTR2A_cow,5-HTR2A,Bos_taurus_(cow),NP_001001157.1,470,12,94.3,96.4,172,173,174,375,376,379,163,246,331,120,NA,NA,NA,94.3,ARS-UCD1.2,11/04/2018
5-HTR2A_goat,5-HTR2A,Capra_hircus_(goat),XP_005687500.1,470,12,93.8,96.2,172,173,174,375,376,379,163,246,331,120,NA,NA,NA,94.3,ARS1,24/08/2016
5-HTR2A_sheep,5-HTR2A,Ovis_aries_(sheep),XP_004012115.1,470,10,94.1,96.4,172,173,174,375,376,379,163,246,331,120,NA,NA,NA,94.3,Oar_rambouillet_v1.0,2/11/2017
5-HTR2A_pig,5-HTR2A,Sus_scrofa_(pig),NP_999382.1,470,11,96,97.2,172,173,174,375,376,379,163,246,331,120,NA,NA,NA,94.3,Sscrofa11.1,7/02/2017
5-HTR2A_rabbit,5-HTR2A,Oryctolagus_cuniculus_(rabbit),XP_008272020.1,470,Un,94.3,96.6,171,172,173,375,376,379,162,245,331,119,NA,NA,NA,88.6,OryCun2.0,20/10/2009
5-HTR2A_dog,5-HTR2A,Canis_lupus_(dog),NP_001005869.1,470,22,93.6,96,172,173,174,375,376,379,163,246,331,120,NA,NA,NA,94.3,CanFam3.1,2/11/2011
5-HTR2A_cat,5-HTR2A,Felis_catus_(cat),XP_023107292.1,470,A1,95.8,97.9,172,173,174,375,376,379,163,246,331,120,NA,NA,NA,94.3,Felis_catus_9.0,20/11/2017
5-HTR2A_guineafowl,5-HTR2A,Numida_meleagris_(helmeted_guineafowl),XP_021231778.1,468,1,77.5,86.4,170,171,172,373,374,377,161,244,329,118,NA,NA,NA,318.4,NumMel1.0,1/06/2017
5-HTR2A_chicken,5-HTR2A,Gallus_gallus_(chicken),NP_001305349.1,468,1,76.9,85.6,170,171,172,373,374,377,161,244,329,118,NA,NA,NA,318.4,GRCg6a,27/03/2018
5-HTR2A_clawed_frog,5-HTR2A,Xenopus_tropicalis_(tropical_clawed_frog),XP_017947163.1,483,2,69.4,79.3,185,186,187,388,389,392,176,259,344,133,NA,NA,NA,351.7,Xenopus_tropicalis_v9.1,13/07/2016
5-HTR2A_platyfish,5-HTR2A,Xiphophorus_maculatus_(southern_platyfish),XP_005813370.1,496,7,56.2,66.2,177,178,179,402,403,406,168,251,357,125,NA,NA,NA,432.5,X_maculatus-5.0-male,7/12/2017
5-HTR2A_zebrafish,5-HTR2A,Danio_reriro_(zebrafish),XP_009300470.1,458,6,55.1,66.7,159,160,161,366,367,370,150,233,332,107,NA,NA,NA,432.5,GRCz11,9/05/2017
5-HTR2C_human_1,5-HTR2C,Homo_sapiens_(human),NP_001243689.1,458,X,100,100,151,152,153,364,365,368,142,226,320,99,NA,NA,NA,0.2,GRCh38.p13,28/02/2019
5-HTR2C_chimpanzee_X1,5-HTR2C,Pan_troglodytes_(chimpanzee),XP_009437821.1,458,X,99.8,100,151,152,153,364,365,368,142,226,320,99,NA,paper 99.6 because older version,NA,6.5,Clint_PTRv2,19/01/2018
5-HTR2C_gorilla,5-HTR2C,Gorilla_gorilla_(western_gorilla),XP_004064785.1,458,X,99.6,100,151,152,153,364,365,368,142,226,320,99,NA,NA,NA,8.6,Kamilah_GGO_v0,28/08/2019
5-HTR2C_rhesus_monkey_X1,5-HTR2C,Macaca_mulatta_(Rhesus_monkey),XP_028697795.1,458,X,98.7,100,151,152,153,364,365,368,142,226,320,99,NA,NA,NA,28.8,Mmul_10,13/02/2019
5-HTR2C_macaque_X1,5-HTR2C,Macaca_fascicularis_(crab_eating_macaque),XP_005594463.1,458,X,98.7,99.8,151,152,153,364,365,368,142,226,320,99,NA,NA,NA,28.8,Macaca_fascicularis_5.0,12/06/2013
5-HTR2C_marmoset,5-HTR2C,Callithrix_jacchus_(white_tufted_marmoset),XP_002763216.1,459,X,98,99.6,151,152,153,364,365,368,142,226,320,99,NA,NA,NA,42.9,Callithrix jacchus-3.2,22/01/2010
5-HTR2C_lemur_X1,5-HTR2C,Microcebus_murinus_(gray_mouse_lemur),XP_012605023.1,462,X,94.2,97.4,151,152,153,368,369,372,142,226,324,99,NA,NA,NA,74.1,Mmur_3.0,6/02/2017
5-HTR2C_mouse_X1,5-HTR2C,Mus_musculus_(house_mouse),NP_032338.3,459,X,90,93.5,152,153,154,365,366,369,143,227,321,100,NA,NA,NA,88.6,GRCm38.p6,15/09/2017
5-HTR2C_rat,5-HTR2C,Rattus_norvegicus_(rat),NP_036897.2,459,X,90,93.5,152,153,154,366,367,370,143,227,322,100,NA,NA,NA,88.6,Rnor_6.0,1/07/2014
5-HTR2C_sperm_whale,5-HTR2C,Physeter_catodon_(sperm_whale),XP_023983885.1,457,21,94.3,97.6,151,152,153,363,364,367,142,226,319,99,NA,NA,NA,94.3,ASM283717v2,8/03/2019
5-HTR2C_sheep,5-HTR2C,Ovis_aries_(sheep),XP_014960567.2,457,X,94.3,98,151,152,153,363,364,367,142,226,319,99,NA,NA,NA,94.3,Oar_rambouillet_v1.0,2/11/2017
5-HTR2C_goat,5-HTR2C,Capra_hircus_(goat),XP_005700316.1,457,X,95,98.3,151,152,153,363,364,367,142,226,319,99,NA,NA,NA,94.3,ARS1,24/08/2016
5-HTR2C_pig,5-HTR2C,Sus_scrofa_(pig),XP_020935136.1,457,X,95.2,98.3,151,152,153,363,364,367,142,226,319,99,NA,NA,NA,94.3,Sscrofa11.1,7/02/2017
5-HTR2C_rabbit,5-HTR2C,Oryctolagus_cuniculus_(rabbit),XP_017205494.1,453,X,93,96.7,151,152,153,359,360,363,142,226,315,99,NA,NA,NA,88.6,OryCun2.0,20/10/2009
5-HTR2C_dog,5-HTR2C,Canis_lupus_(dog),NP_001006649.1,458,X,94.8,97.8,151,152,153,364,365,368,142,226,320,99,NA,NA,NA,94.3,CanFam3.1,2/11/2011
5-HTR2C_cat,5-HTR2C,Felis_catus_(cat),XP_019679749.1,458,X,94.3,97.2,151,152,153,364,365,368,142,226,320,99,NA,NA,NA,94.3,Felis_catus_9.0,20/11/2017
5-HTR2C_guineafowl_X1,5-HTR2C,Numida_meleagris_(helmeted_guineafowl),XP_021261787.1,470,8,58.1,72.6,163,164,165,374,375,378,154,237,330,111,NA,NA,NA,318.4,NumMel1.0,1/06/2017
5-HTR2C_guineafowl_X2,5-HTR2C,Numida_meleagris_(helmeted_guineafowl),XP_021261788.1,403,8,45.4,59.5,NA,NA,NA,307,308,311,NA,170,263,NA,NA,NA,NA,318.4,NumMel1.0,1/06/2017
5-HTR2C_chicken_X1,5-HTR2C,Gallus_gallus_(chicken),XP_004940707.1,472,4,57.7,72.4,163,164,165,376,377,380,154,237,332,111,NA,NA,NA,318.4,GRCg6a,27/03/2018
5-HTR2C_chicken_X2,5-HTR2C,Gallus_gallus_(chicken),XP_004940708.1,405,4,45,59.3,NA,NA,NA,309,310,313,NA,170,265,NA,NA,NA,NA,318.4,GRCg6a,27/03/2018
5-HTR2C_clawed_frog,5-HTR2C,Xenopus_tropicalis_(tropical_clawed_frog),XP_017951833.1,475,8,56.4,70.6,165,166,167,378,379,382,156,239,334,113,NA,NA,NA,351.7,Xenopus_tropicalis_v9.1,13/07/2016
5-HTR2C_zebrafish_a,5-HTR2C,Danio_reriro_(zebrafish),NP_001123365.1,518,7,48.3,62.8,166,167,168,412,413,416,157,240,368,114,NA,NA,NA,432.5,GRCz11,9/05/2017
5-HTR2B_human_1,5-HTR2B,Homo_sapiens_(human),NP_000858.3,481,2,100,100,152,153,154,376,377,380,143,229,333,100,NA,NA,NA,0.2,GRCh38.p13,28/02/2019
5-HTR2B_human_2,5-HTR2B,Homo_sapiens_(human),NP_001307687.1,439,2,91.3,91.3,110,111,112,338,339,342,101,187,291,58,NA,NA,deletion of the first 42,0.2,GRCh38.p13,28/02/2019
5-HTR2B_chimpanzee_X1,5-HTR2B,Pan_troglodytes_(chimpanzee),XP_001144172.1,481,2B,99.6,99.8,152,153,154,376,377,380,143,229,333,100,NA,paper different because of different sequence,NA,6.5,Clint_PTRv2,19/01/2018
5-HTR2B_chimpanzee_X3,5-HTR2B,Pan_troglodytes_(chimpanzee),XP_016806173.1,439,2B,99.5,99.8,110,111,112,338,339,342,101,187,291,58,NA,compared with human 2,NA,6.5,Clint_PTRv2,19/01/2018
5-HTR2B_gorilla_X1,5-HTR2B,Gorilla_gorilla_(western_gorilla),XP_004033390.1,481,2B,99.8,100,152,153,154,376,377,380,143,229,333,100,NA,compared with human 1,NA,8.6,Kamilah_GGO_v0,28/08/2019
5-HTR2B_gorilla_X2,5-HTR2B,Gorilla_gorilla_(western_gorilla),XP_018877825.1,439,2B,99.8,100,110,111,112,338,339,342,101,187,291,58,NA,comapred with human 2,NA,8.6,Kamilah_GGO_v0,28/08/2019
5-HTR2B_rhesus_monkey_X1,5-HTR2B,Macaca_mulatta_(Rhesus_monkey),XP_014966817.1,481,12,97.9,98.8,152,153,154,376,377,380,143,229,333,100,NA,compared with human 1,NA,28.8,Mmul_10,13/02/2019
5-HTR2B_rhesus_monkey_X2,5-HTR2B,Macaca_mulatta_(Rhesus_monkey),XP_028687039.1,414,12,84,84.8,NA,NA,NA,309,310,313,NA,162,266,100,NA,compared with human 1,deletion of the 67 in the middle residue losing 2 TM and DRY,28.8,Mmul_10,13/02/2019
5-HTR2B_macaque_X1,5-HTR2B,Macaca_fascicularis_(crab_eating_macaque),XP_005574629.1,481,12,98.1,98.8,152,153,154,376,377,380,143,229,333,100,NA,compared with human 1,NA,28.8,Macaca_fascicularis_5.0,12/06/2013
5-HTR2B_marmoset_X1,5-HTR2B,Callithrix_jacchus_(white_tufted_marmoset),XP_002749929.1,481,6,98.1,98.5,152,153,154,376,377,380,143,229,333,100,NA,compared with human 1,NA,42.9,Callithrix jacchus-3.2,22/01/2010
5-HTR2B_marmoset_X2,5-HTR2B,Callithrix_jacchus_(white_tufted_marmoset),XP_008997935.1,414,6,84.4,84.8,NA,NA,NA,309,310,313,NA,162,266,100,NA,compared with human 1,deletion of the 67 in the middle residue losing 2 TM and DRY,42.9,Callithrix jacchus-3.2,22/01/2010
5-HTR2B_lemur_X1,5-HTR2B,Microcebus_murinus_(gray_mouse_lemur),XP_012604841.1,504,8,89.1,91.5,175,176,177,399,400,403,166,252,356,123,NA,compared with human 1,addition of 24 residues on the beginning,74.1,Mmur_3.0,6/02/2017
5-HTR2B_lemur_X2,5-HTR2B,Microcebus_murinus_(gray_mouse_lemur),XP_012604842.1,386,8,82.5,84.7,57,58,59,281,282,285,48,134,238,5,NA,compared with human 2,deletion of 53 residues,74.1,Mmur_3.0,6/02/2017
5-HTR2B_mouse,5-HTR2B,Mus_musculus_(house_mouse),NP_032337.2,479,1,83.2,90.2,151,152,153,375,376,379,142,228,332,99,NA,compared with human 1,NA,88.6,GRCm38.p6,15/09/2017
5-HTR2B_rat,5-HTR2B,Rattus_norvegicus_(rat),NP_058946.1,479,9,81.5,88.4,151,152,153,375,376,379,142,228,332,99,NA,compared with human 1,NA,88.6,Rnor_6.0,1/07/2014
5-HTR2B_sperm_whale,5-HTR2B,Physeter_catodon_(sperm_whale),XP_007108057.2,502,2,87.5,90.9,174,175,176,398,399,402,165,251,355,122,NA,compared with human 1,NA,94.3,ASM283717v2,8/03/2019
5-HTR2B_cow,5-HTR2B,Bos_taurus_(cow),NP_001192377.1,480,2,88.2,92.7,151,152,153,375,376,379,142,228,332,99,NA,compared with human 1,NA,94.3,ARS-UCD1.2,11/04/2018
5-HTR2B_goat,5-HTR2B,Capra_hircus_(goat),XP_005676728.1,538,2,79.6,82.7,209,210,211,433,434,437,200,286,390,157,NA,compared with human 1,NA,94.3,ARS1,24/08/2016
5-HTR2B_sheep_X1,5-HTR2B,Ovis_aries_(sheep),XP_012003880.1,538,2,79.2,82.6,209,210,211,433,434,437,200,286,390,157,NA,compared with human 1,NA,94.3,Oar_rambouillet_v1.0,2/11/2017
5-HTR2B_sheep_X2,5-HTR2B,Ovis_aries_(sheep),XP_012003889.1,439,2,90.7,93.4,110,111,112,334,335,338,101,187,291,58,NA,compared with human 2,NA,94.3,Oar_rambouillet_v1.0,2/11/2017
5-HTR2B_pig,5-HTR2B,Sus_scrofa_(pig),NP_001157491.1,481,15,91.3,95,152,153,154,376,377,380,143,229,333,100,NA,compared with human 1,NA,94.3,Sscrofa11.1,7/02/2017
5-HTR2B_pig_X2,5-HTR2B,Sus_scrofa_(pig),XP_013840017.1,440,15,92.5,95.9,111,112,113,335,336,339,102,188,292,59,NA,compared with human 2,NA,94.3,Sscrofa11.1,7/02/2017
5-HTR2B_rabbit_X1,5-HTR2B,Oryctolagus_cuniculus_(rabbit),XP_017198680.1,503,7,84.9,90.7,174,175,176,398,399,402,165,251,355,122,NA,compared with human 1,NA,88.6,OryCun2.0,20/10/2009
5-HTR2B_rabbit_X2,5-HTR2B,Oryctolagus_cuniculus_(rabbit),XP_008257523.1,436,7,72.6,77,NA,NA,NA,331,332,335,NA,184,288,122,NA,compared with human 1,67 residue deletion losing DRY and two TM,88.6,OryCun2.0,20/10/2009
5-HTR2B_dog,5-HTR2B,Canis_lupus_(dog),NP_001019804.1,434,25,75.2,80.5,151,152,153,375,376,379,142,228,332,99,NA,compared with human 1,NA,94.3,CanFam3.1,2/11/2011
5-HTR2B_cat,5-HTR2B,Felis_catus_(cat),XP_003991297.4,503,C1,87.7,91.5,174,175,176,398,399,402,165,251,355,122,NA,compared with human 1,NA,94.3,Felis_catus_9.0,20/11/2017
5-HTR2B_guineafowl,5-HTR2B,Numida_meleagris_(helmeted_guineafowl),XP_021252773.1,462,4,71.8,80,137,138,139,357,358,361,128,213,313,85,NA,"compared with human 1, although 2 gave the higher PA",NA,318.4,NumMel1.0,1/06/2017
5-HTR2B_chicken,5-HTR2B,Gallus_gallus_(chicken),NP_001277476.1,462,9,73.4,79.8,137,138,139,357,358,361,128,214,314,85,NA,"compared with human 1, although 2 gave the higher PA",NA,318.4,GRCg6a,27/03/2018
5-HTR2B_clawed_frog,5-HTR2B,Xenopus_tropicalis_(tropical_clawed_frog),XP_004914439.1,478,5,61.3,73.3,147,148,149,374,375,378,138,225,329,95,NA,"compared with human 1, although 2 gave the higher PA",NA,351.7,Xenopus_tropicalis_v9.1,13/07/2016
5-HTR2B_platyfish,5-HTR2B,Xiphophorus_maculatus_(southern_platyfish),XP_023195709.1,466,9,54.7,67.1,117,118,119,354,355,358,108,198,311,65,NA,"compared with human 1, although 2 gave the higher PA",NA,432.5,X_maculatus-5.0-male,7/12/2017
5-HTR2B_zebrafish,5-HTR2B,Danio_reriro_(zebrafish),NP_001038208.1,443,22,56.8,72.7,112,113,114,340,341,344,103,193,297,60,NA,"compared with human 1, although 2 gave the higher PA",NA,432.5,GRCz11,9/05/2017
5-HTR7_human_a,5-HTR7,Homo_sapiens_(human),NP_000863.1,445,10,100,100,179,180,181,380,381,384,170,251,336,127,NA,NA,NA,0.2,GRCh38.p13,28/02/2019
5-HTR7_human_b,5-HTR7,Homo_sapiens_(human),NP_062874.1,432,10,97.1,97.1,179,180,181,380,381,384,170,251,336,127,NA,NA,changes after 431,0.2,GRCh38.p13,28/02/2019
5-HTR7_human_d,5-HTR7,Homo_sapiens_(human),NP_062873.1,479,10,89.8,90.5,179,180,181,380,381,384,170,251,336,127,NA,NA,changes after 433,0.2,GRCh38.p13,28/02/2019
5-HTR7_chimpanzee,5-HTR7,Pan_troglodytes_(chimpanzee),NP_001289364.1,432,10,99.8,99.8,179,180,181,380,381,384,170,251,336,127,NA,compared with human b,NA,6.5,Clint_PTRv2,19/01/2018
5-HTR7_chimpanzee_X1,5-HTR7,Pan_troglodytes_(chimpanzee),XP_016817927.1,492,10,97.2,97.2,179,180,181,380,381,384,170,251,336,127,NA,"compared with human d, misannotated in paper as X2",NA,6.5,Clint_PTRv2,19/01/2018
5-HTR7_chimpanzee_X2,5-HTR7,Pan_troglodytes_(chimpanzee),XP_001143930.1,445,10,100,100,179,180,181,380,381,384,170,251,336,127,NA,"compared with human a, discontinued after paper",NA,6.5,Clint_PTRv2,19/01/2018
5-HTR7_gorilla_X1,5-HTR7,Gorilla_gorilla_(western_gorilla),XP_018890791.1,445,10,98.4,99.1,179,180,181,380,381,384,170,251,336,127,NA,compared with human a,NA,8.6,Kamilah_GGO_v0,28/08/2019
5-HTR7_gorilla_X2,5-HTR7,Gorilla_gorilla_(western_gorilla),XP_018890792.1,432,10,98.4,99.1,179,180,181,380,381,384,170,251,336,127,NA,compared with human b,NA,8.6,Kamilah_GGO_v0,28/08/2019
5-HTR7_rhesus_monkey_X1,5-HTR7,Macaca_mulatta_(Rhesus_monkey),XP_015003150.1,445,9,99.6,99.6,179,180,181,380,381,384,170,251,336,127,NA,compared with human a,NA,28.8,Mmul_10,13/02/2019
5-HTR7_rhesus_monkey_X2,5-HTR7,Macaca_mulatta_(Rhesus_monkey),XP_015003151.1,432,9,99.5,99.5,179,180,181,380,381,384,170,251,336,127,NA,compared with human b,NA,28.8,Mmul_10,13/02/2019
5-HTR7_rhesus_monkey_X3,5-HTR7,Macaca_mulatta_(Rhesus_monkey),XP_015003153.1,466,9,95.6,95.8,179,180,181,380,381,384,170,251,336,127,NA,compared with human d,NA,28.8,Mmul_10,13/02/2019
5-HTR7_macaque_X1,5-HTR7,Macaca_fascicularis_(crab_eating_macaque),XP_005565986.1,445,9,99.6,99.6,179,180,181,380,381,384,170,251,336,127,NA,compared with human a,NA,28.8,Macaca_fascicularis_5.0,12/06/2013
5-HTR7_macaque_X2,5-HTR7,Macaca_fascicularis_(crab_eating_macaque),XP_005565987.1,432,9,99.5,99.5,179,180,181,380,381,384,170,251,336,127,NA,compared with human b,NA,28.8,Macaca_fascicularis_5.0,12/06/2013
5-HTR7_macaque_X3,5-HTR7,Macaca_fascicularis_(crab_eating_macaque),XP_015311863.1,466,9,95.6,95.8,179,180,181,380,381,384,170,251,336,127,NA,compared with human d,NA,28.8,Macaca_fascicularis_5.0,12/06/2013
5-HTR7_marmoset_X1,5-HTR7,Callithrix_jacchus_(white_tufted_marmoset),XP_002756435.1,445,12,98.7,98.9,179,180,181,380,381,384,170,251,336,127,NA,compared with human a,NA,42.9,Callithrix jacchus-3.2,22/01/2010
5-HTR7_marmoset_X2,5-HTR7,Callithrix_jacchus_(white_tufted_marmoset),XP_009008197.1,432,12,99.1,99.3,179,180,181,380,381,384,170,251,336,127,NA,compared with human b,NA,42.9,Callithrix jacchus-3.2,22/01/2010
5-HTR7_marmoset_X3,5-HTR7,Callithrix_jacchus_(white_tufted_marmoset),XP_009008199.1,466,12,94.8,95.2,179,180,181,380,381,384,170,251,336,127,NA,compared with human d,NA,42.9,Callithrix jacchus-3.2,22/01/2010
5-HTR7_marmoset_X4,5-HTR7,Callithrix_jacchus_(white_tufted_marmoset),XP_017834616.1,485,12,87.4,89.2,179,180,181,380,381,384,170,251,336,127,NA,compared with human d,NA,42.9,Callithrix jacchus-3.2,22/01/2010
5-HTR7_lemur_X1,5-HTR7,Microcebus_murinus_(gray_mouse_lemur),XP_012620995.1,470,15,90.4,92.1,182,183,184,383,384,387,173,254,339,130,NA,compared with human a,NA,74.1,Mmur_3.0,6/02/2017
5-HTR7_lemur_X2,5-HTR7,Microcebus_murinus_(gray_mouse_lemur),XP_012621004.1,448,15,97.1,98.7,182,183,184,383,384,387,173,254,339,130,NA,compared with human a,NA,74.1,Mmur_3.0,6/02/2017
5-HTR7_lemur_X3,5-HTR7,Microcebus_murinus_(gray_mouse_lemur),XP_012621012.1,435,15,97.2,98.6,182,183,184,383,384,387,173,254,339,130,NA,compared with human b,NA,74.1,Mmur_3.0,6/02/2017
5-HTR7_mouse_1,5-HTR7,Mus_musculus_(house_mouse),NP_032341.2,448,19,94.6,96.2,182,183,184,383,384,387,173,254,339,130,NA,compared with human a,NA,88.6,GRCm38.p6,15/09/2017
5-HTR7_mouse_2,5-HTR7,Mus_musculus_(house_mouse),NP_001334371.1,470,19,88.5,90.2,182,183,184,383,384,387,173,254,339,130,NA,compared with human a,NA,88.6,GRCm38.p6,15/09/2017
5-HTR7_mouse_3,5-HTR7,Mus_musculus_(house_mouse),NP_001347247.1,435,19,97.2,98.6,182,183,184,383,384,387,173,254,339,130,NA,compared with human b,NA,88.6,GRCm38.p6,15/09/2017
5-HTR7_rat,5-HTR7,Rattus_norvegicus_(rat),NP_075227.1,435,1,96.1,97.2,182,183,184,383,384,387,173,254,339,130,NA,compared with human b,NA,88.6,Rnor_6.0,1/07/2014
5-HTR7_rat_X1,5-HTR7,Rattus_norvegicus_(rat),XP_006231369.1,448,1,95.3,97.1,182,183,184,383,384,387,173,254,339,130,NA,compared with human a,NA,88.6,Rnor_6.0,1/07/2014
5-HTR7_rat_X2,5-HTR7,Rattus_norvegicus_(rat),XP_017445180.1,470,1,88.6,89.7,182,183,184,383,384,387,173,254,339,130,NA,compared with human a,NA,88.6,Rnor_6.0,1/07/2014
5-HTR7_sperm_whale,5-HTR7,Physeter_catodon_(sperm_whale),XP_028337715.1,435,20,96.1,97,181,182,183,383,384,387,172,253,339,129,NA,compared with human b,NA,94.3,ASM283717v2,8/03/2019
5-HTR7_cow_X1,5-HTR7,Bos_taurus_(cow),XP_024841711.1,476,26,86.4,87.2,181,182,183,383,384,387,172,253,339,129,NA,compared with human b,NA,94.3,ARS-UCD1.2,11/04/2018
5-HTR7_cow_X2,5-HTR7,Bos_taurus_(cow),XP_005225481.1,448,26,94.2,95.3,181,182,183,383,384,387,172,253,339,129,NA,compared with human a,NA,94.3,ARS-UCD1.2,11/04/2018
5-HTR7_goat,5-HTR7,Capra_hircus_(goat),XP_017897212.1,435,26,94,95,181,182,183,383,384,387,172,253,339,129,NA,compared with human b,NA,94.3,ARS1,24/08/2016
5-HTR7_sheep,5-HTR7,Ovis_aries_(sheep),XP_004020077.2,435,22,94,95,181,182,183,383,384,387,172,253,339,129,NA,compared with human b,NA,94.3,Oar_rambouillet_v1.0,2/11/2017
5-HTR7_pig,5-HTR7,Sus_scrofa_(pig),NP_999250.1,447,14,95.8,96.7,181,182,183,382,383,386,172,253,338,129,NA,compared with human a,NA,94.3,Sscrofa11.1,7/02/2017
5-HTR7_pig_X1,5-HTR7,Sus_scrofa_(pig),XP_020927765.1,452,14,92.9,93.8,182,183,184,384,385,388,173,254,340,130,NA,compared with human a,NA,94.3,Sscrofa11.1,7/02/2017
5-HTR7_pig_X2,5-HTR7,Sus_scrofa_(pig),XP_005671333.1,436,14,95.9,96.6,182,183,184,384,385,388,173,254,340,130,NA,compared with human b,NA,94.3,Sscrofa11.1,7/02/2017
5-HTR7_rabbit_X1,5-HTR7,Oryctolagus_cuniculus_(rabbit),XP_008268406.1,504,18,81.4,83.2,181,182,183,382,383,386,172,253,338,129,NA,compared with human b,a long tail from 433,88.6,OryCun2.0,20/10/2009
5-HTR7_rabbit_X2,5-HTR7,Oryctolagus_cuniculus_(rabbit),XP_002718549.1,447,18,94.4,96.7,181,182,183,382,383,386,172,253,338,129,NA,compared with human a,NA,88.6,OryCun2.0,20/10/2009
5-HTR7_dog_X1,5-HTR7,Canis_lupus_(dog),XP_534958.2,448,28,94.6,96.7,181,182,183,383,384,387,172,253,339,129,NA,compared with human a,NA,94.3,CanFam3.1,2/11/2011
5-HTR7_dog_X2,5-HTR7,Canis_lupus_(dog),XP_005637586.1,435,28,95.2,96.8,181,182,183,383,384,387,172,253,339,129,NA,compared with human b,NA,94.3,CanFam3.1,2/11/2011
5-HTR7_cat_X1,5-HTR7,Felis_catus_(cat),XP_023096479.1,448,D2,95.5,97.1,181,182,183,383,384,387,172,253,339,129,NA,compared with human a,NA,94.3,Felis_catus_9.0,20/11/2017
5-HTR7_cat_X2,5-HTR7,Felis_catus_(cat),XP_023096480.1,442,D2,94.4,95.7,181,182,183,383,384,387,172,253,339,129,NA,compared with human b,NA,94.3,Felis_catus_9.0,20/11/2017
5-HTR7_cat_X3,5-HTR7,Felis_catus_(cat),XP_019669635.2,435,D2,95.9,97.2,181,182,183,383,384,387,172,253,339,129,NA,compared with human b,NA,94.3,Felis_catus_9.0,20/11/2017
5-HTR7_guineafowl,5-HTR7,Numida_meleagris_(helmeted_guineafowl),XP_021255690.1,425,5,79.9,86.8,175,176,177,376,377,380,166,247,332,123,NA,compared with human b,NA,318.4,NumMel1.0,1/06/2017
5-HTR7_chicken_X1,5-HTR7,Gallus_gallus_(chicken),XP_015143879.1,436,6,78.3,86,175,176,177,376,377,380,166,247,332,123,NA,compared with human a,NA,318.4,GRCg6a,27/03/2018
5-HTR7_chicken_X2,5-HTR7,Gallus_gallus_(chicken),XP_015143880.1,425,6,79.9,86.8,175,176,177,376,377,380,166,247,332,123,NA,compared with human b,NA,318.4,GRCg6a,27/03/2018
5-HTR7_chicken_X3,5-HTR7,Gallus_gallus_(chicken),XP_015143881.1,404,6,71.2,78.9,175,176,177,344,345,348,166,NA,300,123,NA,compared with human a,has a deletion of 25 residues,318.4,GRCg6a,27/03/2018
5-HTR7_xenopus,5-HTR7,Xenopus_tropicalis_(tropical_clawed_frog),XP_017951558.1,477,7,62.3,72.5,168,169,170,376,377,380,159,240,332,116,NA,compared with human b,NA,351.7,Xenopus_tropicalis_v9.1,13/07/2016
5-HTR7_platyfish,5-HTR7,Xiphophorus_maculatus_(southern_platyfish),XP_023183676.1,493,22,62.7,72.7,194,195,196,446,447,450,185,266,402,142,NA,compared with human b,NA,432.5,X_maculatus-5.0-male,7/12/2017
5-HTR7_zebrafish,5-HTR7,Danio_reriro_(zebrafish),XP_003199632.2,410,12,67.8,76.5,159,160,161,361,362,365,150,231,317,107,NA,compared with human b,NA,432.5,GRCz11,9/05/2017
5-HTR4_human_a,5-HTR4,Homo_sapiens_(human),NP_001035259.1,387,5,100,100,117,118,119,308,309,312,108,204,268,66,NA,NA,NA,0.2,GRCh38.p13,28/02/2019
5-HTR4_human_b,5-HTR4,Homo_sapiens_(human),NP_000861.1,388,5,90,90.3,117,118,119,308,309,312,108,204,268,66,NA,NA,changes after 358,0.2,GRCh38.p13,28/02/2019
5-HTR4_human_c,5-HTR4,Homo_sapiens_(human),NP_001273339.1,411,5,86.4,87.6,117,118,119,308,309,312,108,204,268,66,NA,NA,changes after 359,0.2,GRCh38.p13,28/02/2019
5-HTR4_human_d,5-HTR4,Homo_sapiens_(human),NP_001035262.2,360,5,92.8,93,117,118,119,308,309,312,108,204,268,66,NA,NA,changes after 360,0.2,GRCh38.p13,28/02/2019
5-HTR4_human_g,5-HTR4,Homo_sapiens_(human),NP_955525.1,378,5,91.4,92.4,117,118,119,308,309,312,108,204,268,66,NA,NA,changes after 361,0.2,GRCh38.p13,28/02/2019
5-HTR4_human_i,5-HTR4,Homo_sapiens_(human),NP_001035263.1,428,5,81.9,82.4,117,118,119,308,309,312,108,204,268,66,NA,NA,changes after 362,0.2,GRCh38.p13,28/02/2019
5-HTR4_chimpanzee_X1,5-HTR4,Pan_troglodytes_(chimpanzee),XP_001162339.1,388,5,99.7,100,117,118,119,308,309,312,108,204,268,66,NA,"compared with human b, changed annoatation from the paper version",NA,6.5,Clint_PTRv2,19/01/2018
5-HTR4_chimpanzee_X2,5-HTR4,Pan_troglodytes_(chimpanzee),XP_016809501.1,387,5,99.7,100,117,118,119,308,309,312,108,204,268,66,NA,"compared with human a, discontinued the paper version",NA,6.5,Clint_PTRv2,19/01/2018
5-HTR4_chimpanzee_X3,5-HTR4,Pan_troglodytes_(chimpanzee),XP_024212541.1,357,5,91.8,92,86,87,88,277,278,281,77,173,237,35,NA,compared with human b,NA,6.5,Clint_PTRv2,19/01/2018
5-HTR4_chimpanzee_X4,5-HTR4,Pan_troglodytes_(chimpanzee),XP_001162258.1,428,5,99.8,100,117,118,119,308,309,312,108,204,268,66,NA,compared with human i,NA,6.5,Clint_PTRv2,19/01/2018
5-HTR4_gorilla_X1,5-HTR4,Gorilla_gorilla_(western_gorilla),XP_004042828.1,428,5,99.8,100,117,118,119,308,309,312,108,204,268,66,NA,compared with human i,NA,8.6,Kamilah_GGO_v0,28/08/2019
5-HTR4_gorilla_X2,5-HTR4,Gorilla_gorilla_(western_gorilla),XP_004042827.1,388,5,99.7,100,117,118,119,308,309,312,108,204,268,66,NA,compared with human b,NA,8.6,Kamilah_GGO_v0,28/08/2019
5-HTR4_rhesus_monkey_X1,5-HTR4,Macaca_mulatta_(Rhesus_monkey),XP_028705660.1,388,6,98.5,99.2,117,118,119,308,309,312,108,204,268,66,NA,compared with human b,NA,28.8,Mmul_10,13/02/2019
5-HTR4_rhesus_monkey_X2,5-HTR4,Macaca_mulatta_(Rhesus_monkey),XP_028705661.1,387,6,98.4,99.2,117,118,119,308,309,312,108,204,268,66,NA,compared with human a,NA,28.8,Mmul_10,13/02/2019
5-HTR4_rhesus_monkey_X3,5-HTR4,Macaca_mulatta_(Rhesus_monkey),XP_028705662.1,428,6,97,97.9,117,118,119,308,309,312,108,204,268,66,NA,compared with human i,NA,28.8,Mmul_10,13/02/2019
5-HTR4_macaque_X1,5-HTR4,Macaca_fascicularis_(crab_eating_macaque),XP_015307597.1,402,6,87,89,117,118,119,308,309,312,108,204,268,66,NA,compared with human a,NA,28.8,Macaca_fascicularis_5.0,12/06/2013
5-HTR4_macaque_X2,5-HTR4,Macaca_fascicularis_(crab_eating_macaque),XP_005558258.1,388,6,98.5,99.2,117,118,119,308,309,312,108,204,268,66,NA,compared with human b,NA,28.8,Macaca_fascicularis_5.0,12/06/2013
5-HTR4_macaque_X3,5-HTR4,Macaca_fascicularis_(crab_eating_macaque),XP_015307598.1,387,6,98.4,99.2,117,118,119,308,309,312,108,204,268,66,NA,compared with human a,NA,28.8,Macaca_fascicularis_5.0,12/06/2013
5-HTR4_macaque_X4,5-HTR4,Macaca_fascicularis_(crab_eating_macaque),XP_015307600.1,378,6,92.6,94.6,117,118,119,308,309,312,108,204,268,66,NA,compared with human a,NA,28.8,Macaca_fascicularis_5.0,12/06/2013
5-HTR4_marmoset_X1,5-HTR4,Callithrix_jacchus_(white_tufted_marmoset),XP_008985741.1,388,2,98.2,99,117,118,119,308,309,312,108,204,268,66,NA,compared with human b,NA,42.9,Callithrix jacchus-3.2,22/01/2010
5-HTR4_marmoset_X2,5-HTR4,Callithrix_jacchus_(white_tufted_marmoset),XP_002744394.1,387,2,97.9,98.7,117,118,119,308,309,312,108,204,268,66,NA,compared with human a,NA,42.9,Callithrix jacchus-3.2,22/01/2010
5-HTR4_lemur_X1,5-HTR4,Microcebus_murinus_(gray_mouse_lemur),XP_012597049.1,394,23,87.6,89.6,117,118,119,308,309,312,108,204,268,66,NA,compared with human a,NA,74.1,Mmur_3.0,6/02/2017
5-HTR4_lemur_X2,5-HTR4,Microcebus_murinus_(gray_mouse_lemur),XP_012597051.1,388,23,96.6,97.9,117,118,119,308,309,312,108,204,268,66,NA,compared with human b,NA,74.1,Mmur_3.0,6/02/2017
5-HTR4_lemur_X3,5-HTR4,Microcebus_murinus_(gray_mouse_lemur),XP_012597052.1,387,23,96.6,97.9,117,118,119,308,309,312,108,204,268,66,NA,compared with human a,NA,74.1,Mmur_3.0,6/02/2017
5-HTR4_lemur_X4,5-HTR4,Microcebus_murinus_(gray_mouse_lemur),XP_012597054.1,378,23,96.8,97.9,117,118,119,308,309,312,108,204,268,66,NA,compared with human g,NA,74.1,Mmur_3.0,6/02/2017
5-HTR4_mouse_1,5-HTR4,Mus_musculus_(house_mouse),NP_032339.2,388,18,93.3,96.1,117,118,119,308,309,312,108,204,268,66,NA,compared with human b,NA,88.6,GRCm38.p6,15/09/2017
5-HTR4_mouse_2,5-HTR4,Mus_musculus_(house_mouse),NP_001351885.1,377,18,84.5,87,117,118,119,308,309,312,108,204,268,66,NA,compared with human b,NA,88.6,GRCm38.p6,15/09/2017
5-HTR4_mouse_3,5-HTR4,Mus_musculus_(house_mouse),NP_001351886.1,387,18,94.1,96.6,117,118,119,308,309,312,108,204,268,66,NA,compared with human a,NA,88.6,GRCm38.p6,15/09/2017
5-HTR4_mouse_4,5-HTR4,Mus_musculus_(house_mouse),NP_001351887.1,371,18,91.8,94.4,117,118,119,308,309,312,108,204,268,66,NA,compared with human g,NA,88.6,GRCm38.p6,15/09/2017
5-HTR4_mouse_5,5-HTR4,Mus_musculus_(house_mouse),NP_001351888.1,363,18,90.2,92.9,117,118,119,308,309,312,108,204,268,66,NA,compared with human g,NA,88.6,GRCm38.p6,15/09/2017
5-HTR4_rat_X1,5-HTR4,Rattus_norvegicus_(rat),XP_008770311.2,388,18,93.3,96.4,117,118,119,308,309,312,108,204,268,66,NA,compared with human b,NA,88.6,Rnor_6.0,1/07/2014
5-HTR4_rat_X2,5-HTR4,Rattus_norvegicus_(rat),XP_006254855.1,387,18,93.8,96.6,117,118,119,308,309,312,108,204,268,66,NA,compared with human a,NA,88.6,Rnor_6.0,1/07/2014
5-HTR4_sperm_whale_X1,5-HTR4,Physeter_catodon_(sperm_whale),XP_023983828.1,402,8,91.5,94.3,117,118,119,322,323,326,108,218,282,66,NA,compared with human b- a chunk got deleted as higher mammals evolved,NA,94.3,ASM283717v2,8/03/2019
5-HTR4_sperm_whale_X2,5-HTR4,Physeter_catodon_(sperm_whale),XP_028349152.1,388,8,94.8,97.7,117,118,119,308,309,312,108,204,268,66,NA,compared with human b,NA,94.3,ASM283717v2,8/03/2019
5-HTR4_sperm_whale_X3,5-HTR4,Physeter_catodon_(sperm_whale),XP_028349153.1,387,8,94.6,97.4,117,118,119,308,309,312,108,204,268,66,NA,compared with human a,NA,94.3,ASM283717v2,8/03/2019
5-HTR4_cow_X1,5-HTR4,Bos_taurus_(cow),XP_024849639.1,402,7,91.8,93.5,117,118,119,322,323,326,108,218,282,66,NA,compared with human b- a chunk got deleted as higher mammals evolved,NA,94.3,ARS-UCD1.2,11/04/2018
5-HTR4_cow_X2,5-HTR4,Bos_taurus_(cow),XP_015327776.1,400,7,91.8,93.3,117,118,119,322,323,326,108,218,282,66,NA,compared with human a- a chunk got deleted as higher mammals evolved,NA,94.3,ARS-UCD1.2,11/04/2018
5-HTR4_cow_X3,5-HTR4,Bos_taurus_(cow),XP_015327778.1,388,7,95.1,96.9,117,118,119,308,309,312,108,204,268,66,NA,compared with human b,NA,94.3,ARS-UCD1.2,11/04/2018
5-HTR4_cow_X4,5-HTR4,Bos_taurus_(cow),XP_015327779.1,386,7,95.1,96.6,117,118,119,308,309,312,108,204,268,66,NA,compared with human a,NA,94.3,ARS-UCD1.2,11/04/2018
5-HTR4_goat_X1,5-HTR4,Capra_hircus_(goat),XP_017905670.1,402,7,91.5,93.8,117,118,119,322,323,326,108,218,282,66,NA,compared with human b- a chunk got deleted as higher mammals evolved,NA,94.3,ARS1,24/08/2016
5-HTR4_goat_X2,5-HTR4,Capra_hircus_(goat),XP_017905671.1,400,7,91.8,93.5,117,118,119,322,323,326,108,218,282,66,NA,compared with human a- a chunk got deleted as higher mammals evolved,NA,94.3,ARS1,24/08/2016
5-HTR4_sheep,5-HTR4,Ovis_aries_(sheep),XP_027826431.1,438,5,82.9,85.4,167,168,169,358,359,362,158,254,318,116,NA,compared with human b- a chunk got deleted as higher mammals evolved,NA,94.3,Oar_rambouillet_v1.0,2/11/2017
5-HTR4_pig,5-HTR4,Sus_scrofa_(pig),NP_001001267.1,402,2,88.8,93,117,118,119,322,323,326,108,218,282,66,NA,compared with human b- a chunk extra,NA,94.3,Sscrofa11.1,7/02/2017
5-HTR4_rabbit_X1,5-HTR4,Oryctolagus_cuniculus_(rabbit),XP_008253444.1,388,3,96.4,98.2,117,118,119,308,309,312,108,204,268,66,NA,compared with human b,NA,88.6,OryCun2.0,20/10/2009
5-HTR4_rabbit_X2,5-HTR4,Oryctolagus_cuniculus_(rabbit),XP_008253447.1,387,3,96.6,98.2,117,118,119,308,309,312,108,204,268,66,NA,compared with human a,NA,88.6,OryCun2.0,20/10/2009
5-HTR4_dog_X1,5-HTR4,Canis_lupus_(dog),XP_038519619.1,402,4,92.5,93.8,117,118,119,322,323,326,108,218,282,66,NA,compared with human b- a chunk got deleted as higher mammals evolved,NA,94.3,CanFam3.1,2/11/2011
5-HTR4_dog_X3,5-HTR4,Canis_lupus_(dog),XP_038519621.1,388,4,95.9,97.2,117,118,119,308,309,312,108,205,283,66,NA,compared with human b,NA,94.3,CanFam3.1,2/11/2011
5-HTR4_dog_X4,5-HTR4,Canis_lupus_(dog),XP_038519622.1,387,4,96.6,97.9,117,118,119,308,309,312,108,218,284,66,NA,compared with human a,NA,94.3,CanFam3.1,2/11/2011
5-HTR4_cat_X1,5-HTR4,Felis_catus_(cat),XP_023116395.1,402,A1,93.5,94.5,117,118,119,322,323,326,108,218,282,66,NA,compared with human b- a chunk got deleted as higher mammals evolved,NA,94.3,Felis_catus_9.0,20/11/2017
5-HTR4_cat_X2,5-HTR4,Felis_catus_(cat),XP_023116396.1,388,A1,96.9,97.9,117,118,119,308,309,312,108,204,268,66,NA,compared with human b,NA,94.3,Felis_catus_9.0,20/11/2017
5-HTR4_cat_X3,5-HTR4,Felis_catus_(cat),XP_023116398.1,387,A1,97.2,98.2,117,118,119,308,309,312,108,204,268,66,NA,compared with human a,NA,94.3,Felis_catus_9.0,20/11/2017
5-HTR4_guineafowl_X1,5-HTR4,Numida_meleagris_(helmeted_guineafowl),XP_021266119.1,408,12,80.5,86.1,117,118,119,307,308,311,108,204,267,66,NA,compared with human a,NA,318.4,NumMel1.0,1/06/2017
5-HTR4_guineafowl_X2,5-HTR4,Numida_meleagris_(helmeted_guineafowl),XP_021266120.1,386,12,89.1,94.8,117,118,119,307,308,311,108,204,267,66,NA,compared with human a,NA,318.4,NumMel1.0,1/06/2017
5-HTR4_guineafowl_X3,5-HTR4,Numida_meleagris_(helmeted_guineafowl),XP_021266121.1,359,12,84.7,90.2,117,118,119,307,308,311,108,204,267,66,NA,compared with human g,NA,318.4,NumMel1.0,1/06/2017
5-HTR4_chicken_X1,5-HTR4,Gallus_gallus_(chicken),XP_015149144.1,386,13,88.9,94.6,117,118,119,307,308,311,108,204,267,66,NA,compared with human a,NA,318.4,GRCg6a,27/03/2018
5-HTR4_chicken_X2,5-HTR4,Gallus_gallus_(chicken),XP_015149145.1,359,13,84.7,90.2,117,118,119,307,308,311,108,204,267,66,NA,compared with human g,NA,318.4,GRCg6a,27/03/2018
5-HTR4_clawed_frog,5-HTR4,Xenopus_tropicalis_(tropical_clawed_frog),XP_002939852.1,386,3,82.7,91.7,116,117,118,307,308,311,107,203,267,65,NA,compared with human a,NA,351.7,Xenopus_tropicalis_v9.1,13/07/2016
5-HTR4_platyfish_X1,5-HTR4,Xiphophorus_maculatus_(southern_platyfish),XP_023183909.1,553,23,51.9,58.6,270,271,272,474,475,478,261,357,434,219,NA,"compared with human a, diverged",NA,432.5,X_maculatus-5.0-male,7/12/2017
5-HTR4_platyfish_X2,5-HTR4,Xiphophorus_maculatus_(southern_platyfish),XP_023183910.1,545,23,52.8,58.7,270,271,272,474,475,478,261,357,434,219,NA,compared with human g,NA,432.5,X_maculatus-5.0-male,7/12/2017
5-HTR4_platyfish_X3,5-HTR4,Xiphophorus_maculatus_(southern_platyfish),XP_023183911.1,449,23,63.9,72.1,166,167,168,370,371,374,157,253,330,115,NA,"compared with human a, less diverged",NA,432.5,X_maculatus-5.0-male,7/12/2017
5-HTR4_platyfish_X4,5-HTR4,Xiphophorus_maculatus_(southern_platyfish),XP_023183912.1,406,23,70.6,79.7,123,124,125,327,328,331,114,210,287,72,NA,"compared with human a, least diverged",NA,432.5,X_maculatus-5.0-male,7/12/2017
5-HTR4_zebrafish_X1,5-HTR4,Danio_reriro_(zebrafish),XP_009289337.1,423,14,68.7,76.1,157,158,159,344,345,348,148,242,304,106,NA,compared with human a,NA,432.5,GRCz11,9/05/2017
5-HTR4_zebrafish_X2,5-HTR4,Danio_reriro_(zebrafish),XP_021336835.1,415,14,68.8,76.1,157,158,159,344,345,348,148,242,304,106,NA,compared with human g,NA,432.5,GRCz11,9/05/2017
5-HTR_Dro_1A_B,5-HTR1A,Drosophila_melanogester_(Drosophila),NP_725849.1,834,56B2-56B5,NA,NA,NA,NA,NA,NA,NA,NA,NA,NA,NA,NA,NA,NA,NA,NA,Release 6 plus ISO1 MT,1/08/2014
5-HTR_Dro_1A_C,5-HTR1A,Drosophila_melanogester_(Drosophila),NP_001356890.1,846,56B2-56B5,NA,NA,NA,NA,NA,NA,NA,NA,NA,NA,NA,NA,NA,NA,NA,NA,Release 6 plus ISO1 MT,1/08/2014
5-HTR_Dro_1B_A,5-HTR1B,Drosophila_melanogester_(Drosophila),NP_523789.3,617,56B1-56B1,NA,NA,NA,NA,NA,NA,NA,NA,NA,NA,NA,NA,NA,NA,NA,NA,Release 6 plus ISO1 MT,1/08/2014
5-HTR_Dro_1B_D,5-HTR1B,Drosophila_melanogester_(Drosophila),NP_001163201.2,562,56B1-56B1,NA,NA,NA,NA,NA,NA,NA,NA,NA,NA,NA,NA,NA,NA,NA,NA,Release 6 plus ISO1 MT,1/08/2014
5-HTR_Dro_1B_E,5-HTR1B,Drosophila_melanogester_(Drosophila),NP_001137708.2,629,56B1-56B1,NA,NA,NA,NA,NA,NA,NA,NA,NA,NA,NA,NA,NA,NA,NA,NA,Release 6 plus ISO1 MT,1/08/2014
5-HTR_Dro_2A_A,5-HTR2A,Drosophila_melanogester_(Drosophila),NP_524223.2,868,82C4-82C4,NA,NA,NA,NA,NA,NA,NA,NA,NA,NA,NA,NA,NA,NA,NA,NA,Release 6 plus ISO1 MT,1/08/2014
5-HTR_Dro_2A_B,5-HTR2A,Drosophila_melanogester_(Drosophila),NP_730859.1,930,82C4-82C4,NA,NA,NA,NA,NA,NA,NA,NA,NA,NA,NA,NA,NA,NA,NA,NA,Release 6 plus ISO1 MT,1/08/2014
5-HTR_Dro_2A_F,5-HTR2A,Drosophila_melanogester_(Drosophila),NP_001163506.2,916,82C4-82C4,NA,NA,NA,NA,NA,NA,NA,NA,NA,NA,NA,NA,NA,NA,NA,NA,Release 6 plus ISO1 MT,1/08/2014
5-HTR_Dro_2A_H,5-HTR2A,Drosophila_melanogester_(Drosophila),NP_001097684.2,917,82C4-82C4,NA,NA,NA,NA,NA,NA,NA,NA,NA,NA,NA,NA,NA,NA,NA,NA,Release 6 plus ISO1 MT,1/08/2014
5-HTR_Dro_2B_E,5-HTR2B,Drosophila_melanogester_(Drosophila),NP_001262373.1,947,85A3-85A5,NA,NA,NA,NA,NA,NA,NA,NA,NA,NA,NA,NA,NA,NA,NA,NA,Release 6 plus ISO1 MT,1/08/2014
5-HTR_Dro_2B_F,5-HTR2B,Drosophila_melanogester_(Drosophila),NP_001287238.1,904,85A3-85A5,NA,NA,NA,NA,NA,NA,NA,NA,NA,NA,NA,NA,NA,NA,NA,NA,Release 6 plus ISO1 MT,1/08/2014
5-HTR_Dro_7_A,5-HTR7,Drosophila_melanogester_(Drosophila),NP_524599.1,546,100B1-100B1,NA,NA,NA,NA,NA,NA,NA,NA,NA,NA,NA,NA,NA,NA,NA,NA,Release 6 plus ISO1 MT,1/08/2014
